1|Cold Winter
2|Black Mesa
3|Black Mesa
4|Black Mesa
5|Black Mesa
6|Solid Axe
7|Cold Winter
8|Cold Winter
9|Firm Rock
10|Black Mesa
11|Firm Rock
12|Black Desert
13|Hard Dwarf
14|Dwarf Fortress
15|Solid Axe
16|Hard Dwarf
17|Dwarf Fortress
18|Dead Lich
19|Strong Hammer
20|Dwarf Fortress
21|Black Mesa
22|Black Mesa
23|Firm Rock
24|Dwarf Fortress
25|Cold Winter
26|Dwarf Fortress
27|Firm Rock
28|Cold Winter
29|Solid Axe
30|Solid Axe
31|Black Desert
32|Strong Hammer
33|Firm Rock
34|Cold Winter
35|Cold Winter
36|Dead Lich
37|Solid Axe
38|Stronghold
39|Black Desert
40|Stronghold
41|Dwarf Fortress
42|Strong Hammer
43|Dwarf Fortress
44|Dead Lich
45|Firm Rock
46|Solid Axe
47|Black Mesa
48|Dwarf Fortress
49|Cold Winter
50|Black Desert
51|Strong Hammer
52|Solid Axe
53|Hard Dwarf
54|Solid Axe
55|Dead Lich
56|Dwarf Fortress
57|Firm Rock
58|Cold Winter
59|Black Desert
60|Dead Lich
61|Solid Axe
62|Dead Lich
63|Black Mesa
64|Cold Winter
65|Solid Axe
66|Black Mesa
67|Dead Lich
68|Dead Lich
69|Strong Hammer
70|Strong Hammer
71|Firm Rock
72|Stronghold
73|Firm Rock
74|Stronghold
75|Solid Axe
76|Black Desert
77|Dead Lich
78|Cold Winter
79|Cold Winter
80|Solid Axe
81|Stronghold
82|Cold Winter
83|Dwarf Fortress
84|Dwarf Fortress
85|Black Mesa
86|Hard Dwarf
87|Cold Winter
88|Dead Lich
89|Hard Dwarf
90|Dwarf Fortress
91|Black Desert
92|Strong Hammer
93|Hard Dwarf
94|Firm Rock
95|Cold Winter
96|Cold Winter
97|Solid Axe
98|Black Mesa
99|Dead Lich
100|Cold Winter
101|Dwarf Fortress
102|Solid Axe
103|Solid Axe
104|Dead Lich
105|Strong Hammer
106|Stronghold
107|Dwarf Fortress
108|Strong Hammer
109|Hard Dwarf
110|Strong Hammer
111|Firm Rock
112|Dwarf Fortress
113|Strong Hammer
114|Cold Winter
115|Black Desert
116|Cold Winter
117|Black Desert
118|Cold Winter
119|Strong Hammer
120|Hard Dwarf
121|Cold Winter
122|Stronghold
123|Stronghold
124|Stronghold
125|Black Desert
126|Cold Winter
127|Black Desert
128|Black Desert
129|Black Mesa
130|Cold Winter
131|Black Desert
132|Stronghold
133|Dwarf Fortress
134|Cold Winter
135|Black Desert
136|Firm Rock
137|Black Mesa
138|Strong Hammer
139|Dead Lich
140|Hard Dwarf
141|Black Mesa
142|Black Desert
143|Hard Dwarf
144|Stronghold
145|Stronghold
146|Black Desert
147|Dead Lich
148|Firm Rock
149|Cold Winter
150|Stronghold
151|Solid Axe
152|Firm Rock
153|Stronghold
154|Solid Axe
155|Solid Axe
156|Dwarf Fortress
157|Solid Axe
158|Cold Winter
159|Firm Rock
160|Black Desert
161|Strong Hammer
162|Stronghold
163|Black Mesa
164|Hard Dwarf
165|Hard Dwarf
166|Hard Dwarf
167|Dwarf Fortress
168|Black Mesa
169|Strong Hammer
170|Stronghold
171|Black Mesa
172|Dead Lich
173|Dwarf Fortress
174|Solid Axe
175|Solid Axe
176|Firm Rock
177|Firm Rock
178|Hard Dwarf
179|Dwarf Fortress
180|Stronghold
181|Solid Axe
182|Firm Rock
183|Black Mesa
184|Firm Rock
185|Black Desert
186|Stronghold
187|Firm Rock
188|Black Mesa
189|Cold Winter
190|Dwarf Fortress
191|Dead Lich
192|Black Desert
193|Black Mesa
194|Stronghold
195|Dead Lich
196|Black Desert
197|Hard Dwarf
198|Dead Lich
199|Dead Lich
200|Firm Rock
201|Hard Dwarf
202|Strong Hammer
203|Black Mesa
204|Strong Hammer
205|Stronghold
206|Strong Hammer
207|Black Mesa
208|Black Mesa
209|Cold Winter
210|Solid Axe
211|Firm Rock
212|Solid Axe
213|Strong Hammer
214|Stronghold
215|Dwarf Fortress
216|Hard Dwarf
217|Black Mesa
218|Cold Winter
219|Black Desert
220|Dwarf Fortress
221|Solid Axe
222|Firm Rock
223|Solid Axe
224|Black Desert
225|Black Desert
226|Stronghold
227|Strong Hammer
228|Black Desert
229|Dead Lich
230|Hard Dwarf
231|Stronghold
232|Strong Hammer
233|Firm Rock
234|Strong Hammer
235|Dwarf Fortress
236|Black Mesa
237|Strong Hammer
238|Firm Rock
239|Firm Rock
240|Strong Hammer
241|Solid Axe
242|Cold Winter
243|Cold Winter
244|Dwarf Fortress
245|Stronghold
246|Dwarf Fortress
247|Dwarf Fortress
248|Dead Lich
249|Black Mesa
250|Black Desert
251|Strong Hammer
252|Black Mesa
253|Stronghold
254|Dead Lich
255|Dead Lich
256|Black Desert
257|Dead Lich
258|Firm Rock
259|Black Mesa
260|Stronghold
261|Hard Dwarf
262|Stronghold
263|Black Desert
264|Strong Hammer
265|Dwarf Fortress
266|Dwarf Fortress
267|Firm Rock
268|Dwarf Fortress
269|Stronghold
270|Cold Winter
271|Solid Axe
272|Solid Axe
273|Stronghold
274|Dead Lich
275|Dead Lich
276|Dwarf Fortress
277|Strong Hammer
278|Firm Rock
279|Hard Dwarf
280|Dwarf Fortress
281|Black Mesa
282|Solid Axe
283|Dead Lich
284|Hard Dwarf
285|Dead Lich
286|Strong Hammer
287|Black Mesa
288|Cold Winter
289|Black Desert
290|Solid Axe
291|Dwarf Fortress
292|Cold Winter
293|Black Mesa
294|Dwarf Fortress
295|Black Mesa
296|Strong Hammer
297|Strong Hammer
298|Solid Axe
299|Dwarf Fortress
300|Hard Dwarf
301|Stronghold
302|Stronghold
303|Black Desert
304|Strong Hammer
305|Strong Hammer
306|Solid Axe
307|Black Desert
308|Strong Hammer
309|Hard Dwarf
310|Solid Axe
311|Dwarf Fortress
312|Strong Hammer
313|Dwarf Fortress
314|Dead Lich
315|Dead Lich
316|Black Mesa
317|Black Desert
318|Hard Dwarf
319|Dead Lich
320|Firm Rock
321|Cold Winter
322|Cold Winter
323|Hard Dwarf
324|Stronghold
325|Black Desert
326|Firm Rock
327|Cold Winter
328|Stronghold
329|Black Mesa
330|Dwarf Fortress
331|Black Desert
332|Black Desert
333|Black Desert
334|Black Desert
335|Firm Rock
336|Black Mesa
337|Dwarf Fortress
338|Firm Rock
339|Strong Hammer
340|Strong Hammer
341|Cold Winter
342|Dwarf Fortress
343|Dead Lich
344|Stronghold
345|Dwarf Fortress
346|Hard Dwarf
347|Black Mesa
348|Solid Axe
349|Dead Lich
350|Strong Hammer
351|Firm Rock
352|Hard Dwarf
353|Firm Rock
354|Stronghold
355|Solid Axe
356|Cold Winter
357|Dead Lich
358|Black Mesa
359|Black Desert
360|Dead Lich
361|Stronghold
362|Black Desert
363|Hard Dwarf
364|Hard Dwarf
365|Firm Rock
366|Hard Dwarf
367|Black Mesa
368|Stronghold
369|Stronghold
370|Black Desert
371|Black Desert
372|Strong Hammer
373|Cold Winter
374|Firm Rock
375|Stronghold
376|Cold Winter
377|Hard Dwarf
378|Stronghold
379|Strong Hammer
380|Strong Hammer
381|Dead Lich
382|Hard Dwarf
383|Black Mesa
384|Hard Dwarf
385|Black Desert
386|Solid Axe
387|Black Desert
388|Solid Axe
389|Dead Lich
390|Firm Rock
391|Strong Hammer
392|Solid Axe
393|Dead Lich
394|Black Desert
395|Solid Axe
396|Stronghold
397|Dead Lich
398|Stronghold
399|Strong Hammer
400|Stronghold
401|Black Desert
402|Solid Axe
403|Dead Lich
404|Dead Lich
405|Cold Winter
406|Strong Hammer
407|Dwarf Fortress
408|Dead Lich
409|Dead Lich
410|Dwarf Fortress
411|Dead Lich
412|Hard Dwarf
413|Dead Lich
414|Hard Dwarf
415|Dwarf Fortress
416|Hard Dwarf
417|Hard Dwarf
418|Dead Lich
419|Strong Hammer
420|Cold Winter
421|Strong Hammer
422|Strong Hammer
423|Black Desert
424|Stronghold
425|Dwarf Fortress
426|Firm Rock
427|Black Mesa
428|Strong Hammer
429|Stronghold
430|Dwarf Fortress
431|Strong Hammer
432|Dwarf Fortress
433|Dwarf Fortress
434|Dwarf Fortress
435|Dead Lich
436|Black Desert
437|Black Desert
438|Firm Rock
439|Cold Winter
440|Stronghold
441|Hard Dwarf
442|Firm Rock
443|Dwarf Fortress
444|Dead Lich
445|Solid Axe
446|Black Desert
447|Black Mesa
448|Solid Axe
449|Cold Winter
450|Strong Hammer
451|Firm Rock
452|Black Desert
453|Cold Winter
454|Strong Hammer
455|Black Desert
456|Hard Dwarf
457|Cold Winter
458|Dwarf Fortress
459|Stronghold
460|Strong Hammer
461|Dead Lich
462|Dwarf Fortress
463|Cold Winter
464|Stronghold
465|Stronghold
466|Cold Winter
467|Black Desert
468|Strong Hammer
469|Dwarf Fortress
470|Firm Rock
471|Black Desert
472|Stronghold
473|Dead Lich
474|Black Desert
475|Black Mesa
476|Black Desert
477|Hard Dwarf
478|Solid Axe
479|Strong Hammer
480|Dead Lich
481|Firm Rock
482|Firm Rock
483|Dead Lich
484|Strong Hammer
485|Black Mesa
486|Dead Lich
487|Stronghold
488|Black Desert
489|Black Desert
490|Hard Dwarf
491|Firm Rock
492|Black Mesa
493|Hard Dwarf
494|Hard Dwarf
495|Dead Lich
496|Solid Axe
497|Stronghold
498|Cold Winter
499|Cold Winter
500|Dead Lich
501|Black Desert
502|Solid Axe
503|Firm Rock
504|Dead Lich
505|Solid Axe
506|Cold Winter
507|Firm Rock
508|Black Mesa
509|Solid Axe
510|Solid Axe
511|Firm Rock
512|Dwarf Fortress
513|Black Mesa
514|Dwarf Fortress
515|Hard Dwarf
516|Firm Rock
517|Cold Winter
518|Black Mesa
519|Hard Dwarf
520|Dead Lich
521|Dwarf Fortress
522|Dwarf Fortress
523|Black Mesa
524|Strong Hammer
525|Solid Axe
526|Dead Lich
527|Dwarf Fortress
528|Solid Axe
529|Solid Axe
530|Dead Lich
531|Stronghold
532|Firm Rock
533|Cold Winter
534|Strong Hammer
535|Cold Winter
536|Black Desert
537|Dead Lich
538|Hard Dwarf
539|Stronghold
540|Dwarf Fortress
541|Black Mesa
542|Cold Winter
543|Cold Winter
544|Black Mesa
545|Dead Lich
546|Strong Hammer
547|Black Desert
548|Cold Winter
549|Hard Dwarf
550|Stronghold
551|Black Mesa
552|Black Desert
553|Black Mesa
554|Black Mesa
555|Hard Dwarf
556|Dead Lich
557|Solid Axe
558|Strong Hammer
559|Cold Winter
560|Black Mesa
561|Cold Winter
562|Strong Hammer
563|Black Desert
564|Cold Winter
565|Cold Winter
566|Strong Hammer
567|Stronghold
568|Strong Hammer
569|Firm Rock
570|Firm Rock
571|Solid Axe
572|Solid Axe
573|Black Desert
574|Black Mesa
575|Cold Winter
576|Dwarf Fortress
577|Solid Axe
578|Stronghold
579|Strong Hammer
580|Black Desert
581|Firm Rock
582|Dead Lich
583|Black Mesa
584|Black Desert
585|Black Desert
586|Hard Dwarf
587|Cold Winter
588|Firm Rock
589|Solid Axe
590|Stronghold
591|Dead Lich
592|Hard Dwarf
593|Black Mesa
594|Dwarf Fortress
595|Strong Hammer
596|Black Desert
597|Dwarf Fortress
598|Dwarf Fortress
599|Solid Axe
600|Cold Winter
601|Black Desert
602|Dead Lich
603|Hard Dwarf
604|Hard Dwarf
605|Black Desert
606|Firm Rock
607|Cold Winter
608|Dwarf Fortress
609|Dead Lich
610|Hard Dwarf
611|Hard Dwarf
612|Solid Axe
613|Solid Axe
614|Strong Hammer
615|Dwarf Fortress
616|Dead Lich
617|Cold Winter
618|Black Mesa
619|Firm Rock
620|Black Desert
621|Cold Winter
622|Cold Winter
623|Strong Hammer
624|Dead Lich
625|Hard Dwarf
626|Black Mesa
627|Black Desert
628|Strong Hammer
629|Strong Hammer
630|Dwarf Fortress
631|Black Desert
632|Black Desert
633|Dwarf Fortress
634|Black Mesa
635|Dwarf Fortress
636|Black Mesa
637|Strong Hammer
638|Hard Dwarf
639|Black Desert
640|Dead Lich
641|Dwarf Fortress
642|Solid Axe
643|Dwarf Fortress
644|Black Mesa
645|Dead Lich
646|Stronghold
647|Solid Axe
648|Firm Rock
649|Hard Dwarf
650|Black Mesa
651|Hard Dwarf
652|Cold Winter
653|Firm Rock
654|Black Mesa
655|Solid Axe
656|Hard Dwarf
657|Hard Dwarf
658|Strong Hammer
659|Hard Dwarf
660|Black Mesa
661|Hard Dwarf
662|Solid Axe
663|Dwarf Fortress
664|Dead Lich
665|Strong Hammer
666|Black Mesa
667|Strong Hammer
668|Hard Dwarf
669|Stronghold
670|Firm Rock
671|Cold Winter
672|Black Mesa
673|Cold Winter
674|Dwarf Fortress
675|Dwarf Fortress
676|Firm Rock
677|Dwarf Fortress
678|Cold Winter
679|Cold Winter
680|Firm Rock
681|Dead Lich
682|Hard Dwarf
683|Black Mesa
684|Stronghold
685|Strong Hammer
686|Stronghold
687|Stronghold
688|Dwarf Fortress
689|Strong Hammer
690|Cold Winter
691|Stronghold
692|Firm Rock
693|Solid Axe
694|Solid Axe
695|Black Desert
696|Hard Dwarf
697|Strong Hammer
698|Solid Axe
699|Cold Winter
700|Stronghold
701|Cold Winter
702|Cold Winter
703|Dwarf Fortress
704|Dwarf Fortress
705|Hard Dwarf
706|Stronghold
707|Solid Axe
708|Solid Axe
709|Dwarf Fortress
710|Stronghold
711|Stronghold
712|Firm Rock
713|Firm Rock
714|Firm Rock
715|Black Desert
716|Strong Hammer
717|Black Desert
718|Strong Hammer
719|Dwarf Fortress
720|Dead Lich
721|Black Desert
722|Black Mesa
723|Black Desert
724|Dwarf Fortress
725|Black Mesa
726|Dead Lich
727|Black Desert
728|Hard Dwarf
729|Hard Dwarf
730|Stronghold
731|Black Desert
732|Firm Rock
733|Firm Rock
734|Strong Hammer
735|Dead Lich
736|Hard Dwarf
737|Firm Rock
738|Black Desert
739|Firm Rock
740|Black Desert
741|Dead Lich
742|Stronghold
743|Black Desert
744|Black Desert
745|Dwarf Fortress
746|Black Desert
747|Black Desert
748|Black Desert
749|Black Mesa
750|Dwarf Fortress
751|Black Desert
752|Strong Hammer
753|Hard Dwarf
754|Dwarf Fortress
755|Strong Hammer
756|Cold Winter
757|Black Mesa
758|Black Desert
759|Dwarf Fortress
760|Solid Axe
761|Black Mesa
762|Cold Winter
763|Black Desert
764|Firm Rock
765|Dead Lich
766|Solid Axe
767|Black Desert
768|Dead Lich
769|Dead Lich
770|Firm Rock
771|Black Desert
772|Dead Lich
773|Hard Dwarf
774|Black Mesa
775|Dwarf Fortress
776|Strong Hammer
777|Solid Axe
778|Firm Rock
779|Black Desert
780|Cold Winter
781|Stronghold
782|Black Mesa
783|Cold Winter
784|Dead Lich
785|Strong Hammer
786|Dwarf Fortress
787|Black Mesa
788|Stronghold
789|Black Desert
790|Cold Winter
791|Solid Axe
792|Black Desert
793|Cold Winter
794|Dwarf Fortress
795|Solid Axe
796|Black Desert
797|Strong Hammer
798|Black Mesa
799|Stronghold
800|Strong Hammer
801|Strong Hammer
802|Black Desert
803|Black Mesa
804|Stronghold
805|Dead Lich
806|Strong Hammer
807|Dead Lich
808|Solid Axe
809|Cold Winter
810|Solid Axe
811|Firm Rock
812|Black Mesa
813|Hard Dwarf
814|Black Desert
815|Dwarf Fortress
816|Cold Winter
817|Hard Dwarf
818|Firm Rock
819|Black Mesa
820|Black Desert
821|Black Mesa
822|Strong Hammer
823|Dwarf Fortress
824|Dead Lich
825|Dwarf Fortress
826|Cold Winter
827|Dwarf Fortress
828|Dwarf Fortress
829|Stronghold
830|Black Mesa
831|Dwarf Fortress
832|Solid Axe
833|Dwarf Fortress
834|Stronghold
835|Black Desert
836|Strong Hammer
837|Solid Axe
838|Stronghold
839|Black Mesa
840|Strong Hammer
841|Firm Rock
842|Solid Axe
843|Dwarf Fortress
844|Stronghold
845|Strong Hammer
846|Firm Rock
847|Black Desert
848|Dead Lich
849|Black Desert
850|Cold Winter
851|Firm Rock
852|Hard Dwarf
853|Black Mesa
854|Strong Hammer
855|Stronghold
856|Black Desert
857|Black Mesa
858|Black Mesa
859|Hard Dwarf
860|Firm Rock
861|Strong Hammer
862|Solid Axe
863|Strong Hammer
864|Hard Dwarf
865|Cold Winter
866|Black Mesa
867|Black Desert
868|Dwarf Fortress
869|Stronghold
870|Firm Rock
871|Cold Winter
872|Cold Winter
873|Stronghold
874|Strong Hammer
875|Black Desert
876|Strong Hammer
877|Black Desert
878|Dead Lich
879|Solid Axe
880|Black Desert
881|Hard Dwarf
882|Strong Hammer
883|Solid Axe
884|Dead Lich
885|Hard Dwarf
886|Black Desert
887|Dwarf Fortress
888|Firm Rock
889|Black Mesa
890|Black Desert
891|Black Mesa
892|Dead Lich
893|Dwarf Fortress
894|Solid Axe
895|Hard Dwarf
896|Dwarf Fortress
897|Cold Winter
898|Solid Axe
899|Stronghold
900|Dwarf Fortress
901|Strong Hammer
902|Firm Rock
903|Solid Axe
904|Firm Rock
905|Dwarf Fortress
906|Black Mesa
907|Black Desert
908|Black Mesa
909|Stronghold
910|Stronghold
911|Dwarf Fortress
912|Stronghold
913|Solid Axe
914|Dwarf Fortress
915|Strong Hammer
916|Strong Hammer
917|Stronghold
918|Dwarf Fortress
919|Cold Winter
920|Firm Rock
921|Dead Lich
922|Dwarf Fortress
923|Solid Axe
924|Dwarf Fortress
925|Hard Dwarf
926|Stronghold
927|Stronghold
928|Dwarf Fortress
929|Strong Hammer
930|Cold Winter
931|Hard Dwarf
932|Black Desert
933|Cold Winter
934|Hard Dwarf
935|Dwarf Fortress
936|Hard Dwarf
937|Solid Axe
938|Stronghold
939|Strong Hammer
940|Dwarf Fortress
941|Strong Hammer
942|Firm Rock
943|Black Mesa
944|Firm Rock
945|Dwarf Fortress
946|Hard Dwarf
947|Cold Winter
948|Solid Axe
949|Cold Winter
950|Solid Axe
951|Solid Axe
952|Hard Dwarf
953|Hard Dwarf
954|Black Mesa
955|Black Mesa
956|Strong Hammer
957|Black Mesa
958|Firm Rock
959|Black Desert
960|Hard Dwarf
961|Dwarf Fortress
962|Black Mesa
963|Cold Winter
964|Firm Rock
965|Hard Dwarf
966|Strong Hammer
967|Strong Hammer
968|Solid Axe
969|Firm Rock
970|Strong Hammer
971|Cold Winter
972|Solid Axe
973|Dead Lich
974|Dwarf Fortress
975|Dead Lich
976|Solid Axe
977|Hard Dwarf
978|Strong Hammer
979|Black Desert
980|Stronghold
981|Black Desert
982|Cold Winter
983|Dwarf Fortress
984|Black Desert
985|Dead Lich
986|Stronghold
987|Dwarf Fortress
988|Black Mesa
989|Strong Hammer
990|Cold Winter
991|Dead Lich
992|Hard Dwarf
993|Solid Axe
994|Strong Hammer
995|Dwarf Fortress
996|Black Mesa
997|Black Mesa
998|Firm Rock
999|Dead Lich
1000|Strong Hammer
