0|agreeably
1|Luis's
2|Tb's
3|Mobile
4|Pratt
5|bussed
6|boxers
7|Renoir
8|Mammon
9|As
10|archduke's
11|Frontenac
12|Liverpudlian's
13|auger
14|Cannes's
15|coffee
16|allergy
17|conviction
18|Cornwallis
19|botanist
20|convalescing
21|baloney
22|butlers
23|closeout's
24|Irwin's
25|Rebecca
26|McFadden
27|Myrdal's
28|Potemkin
29|ballsier
30|backslidden
31|Goth's
32|alfalfa
33|Kelli's
34|Jacobite's
35|apprises
36|Tunguska's
37|bridges
38|Bic
39|accrual's
40|Adhara
41|Johnie
42|collision's
43|counterparts
44|corset
45|concordant
46|Luxembourg's
47|Gomulka
48|carmines
49|corporations
50|Imelda's
51|accentuation
52|attenuation's
53|assonance
54|Suharto's
55|befriend
56|boozing
57|algorithm
58|Smolensk
59|backpedalling
60|Gettysburg
61|coaster's
62|DiCaprio's
63|Lissajous
64|appetizing
65|biographer's
66|bassos
67|chandler's
68|consumables
69|cantaloups
70|citric
71|Palestine
72|cheapskate's
73|bickered
74|Riemann
75|Hessian
76|biophysicist's
77|Ferrell
78|Valkyrie's
79|ampersand
80|Marius
81|Laverne
82|confusion's
83|Newark
84|baskets
85|Walden's
86|cocooning
87|analysis
88|Indians
89|Himalaya's
90|Oscar
91|counterrevolutionary
92|angularities
93|cartels
94|adventurously
95|chronicled
96|clearings
97|Lesa
98|Orkney's
99|Steve's
100|Burbank
101|chessboards
102|Clapton's
103|Rudyard's
104|construes
105|cornea's
106|consultancy
107|Taiwan's
108|accused
109|conniver
110|Bloch
111|Thanksgivings
112|Odyssey
113|archly
114|blotchy
115|Karina
116|bayous
117|Cornwallis
118|Dipper
119|apron
120|Africa's
121|January
122|baggage's
123|Photostat
124|alleviation
125|brothels
126|Snoopy
127|baddest
128|Tut
129|avenger
130|Charlestons
131|churl
132|aneurism's
133|Sergio
134|Streisand
135|CinemaScope's
136|antiparticles
137|Hydra's
138|artfulness's
139|Wasatch
140|complaining
141|Corina
142|convolution
143|boob
144|coloratura's
145|briefness
146|abusiveness's
147|Pike's
148|balded
149|chapped
150|bedevilment
151|acetone
152|bid
153|aerials
154|commonplaces
155|cockles
156|bingo
157|Kaaba
158|broiler's
159|Jarred
160|Renaissances
161|Erickson
162|Hall
163|Lin's
164|backlogs
165|bailiwick
166|George's
167|apostate's
168|collectivists
169|Catalan's
170|calculates
171|blogs
172|brickbat
173|Acheson's
174|Domesday
175|Voronezh
176|Tereshkova
177|Derick's
178|banished
179|comparatively
180|Gemini
181|Cheyennes
182|Finnegan's
183|Humberto's
184|Callahan's
185|caves
186|buffering
187|Fannie's
188|Assyria's
189|ample
190|broiled
191|Concetta
192|copilots
193|Gothics
194|Earline
195|clans
196|constitution
197|chastest
198|Kodachrome's
199|alchemists
200|Dorothea
201|breathlessness's
202|boardinghouse
203|burst's
204|Corina
205|Regulus
206|Clay
207|blazes
208|Nembutal
209|bulwark
210|Jayson's
211|Cristina
212|Cartier
213|circumcised
214|Aron's
215|Preakness
216|Deborah
217|catchers
218|Hormel
219|clergywoman
220|controversies
221|Ty
222|clasp's
223|Czechs
224|Alhena's
225|accessing
226|adventurer's
227|Ricardo
228|Jayawardene
229|activation's
230|castigates
231|Nureyev
232|collage
233|Bridgette's
234|counsel's
235|applicator's
236|conference
237|carpetbaggers
238|bib's
239|burlier
240|alabaster's
241|adducing
242|cantaloupes
243|Creole
244|Lana's
245|Bloomer
246|candied
247|Leonidas
248|councils
249|braised
250|constructive
251|Angel
252|Ampere
253|archeologist
254|Elmer's
255|ambiguous
256|availability's
257|carton's
258|audience's
259|birthplaces
260|Lucifer's
261|cheeps
262|Monroe
263|autobiographical
264|concertina's
265|Kenneth
266|chuckle's
267|astronomy
268|Grosz
269|artefact's
270|Brenda
271|bob's
272|advertiser
273|Galatea
274|Ayala's
275|Richmond's
276|Berra
277|biddies
278|antithetical
279|Yukon's
280|anarchists
281|Diaspora
282|chagrin
283|cabaret's
284|McDowell's
285|boss
286|bigmouth's
287|banjo's
288|convoy
289|Reverend
290|blackouts
291|bonged
292|caucussing
293|actuators
294|Craft
295|Moses's
296|Kurosawa
297|Dan
298|abominating
299|Walpole
300|Vern's
301|celebrating
302|commits
303|appropriated
304|Lindsay
305|confessional
306|Ctesiphon
307|cosmologist
308|Pissaro's
309|continuing
310|benching
311|Musharraf's
312|Wesleyan's
313|Marla's
314|Cozumel
315|configures
316|adeptness
317|Kinney's
318|chicle's
319|Machiavellian
320|celebrates
321|Klansman's
322|Bk
323|carpentered
324|Piaget
325|Nouakchott
326|Whitefield
327|antediluvian
328|Havoline
329|Barron
330|cataloging
331|clasps
332|Luigi
333|complainer's
334|breakage's
335|Lollobrigida's
336|administered
337|Manitoulin
338|Craig
339|Wobegon's
340|adorns
341|Mauryan
342|Dustbuster
343|camber
344|chalkboard's
345|Maddox
346|Islamism
347|Chevalier
348|appears
349|Grover
350|chapel
351|barnstorms
352|befuddles
353|Gus's
354|advances
355|Kirghistan
356|bone's
357|cocks
358|counterexamples
359|comparative's
360|Krishnamurti
361|compassion's
362|Unitarian's
363|barreling
364|Californian
365|Moran
366|cluster's
367|VIP's
368|beloveds
369|colloquies
370|calms
371|Earnest
372|bloodying
373|Sept's
374|Spartan
375|Gladstone
376|Siberian's
377|Kingstown's
378|arranger's
379|bedrooms
380|Monique
381|bruisers
382|cacophonous
383|Mayra
384|cashew
385|Pericles
386|Asiatic's
387|consigning
388|Velázquez
389|Swahilis
390|Attila's
391|Ollie
392|Kalevala
393|Schenectady
394|arrow's
395|attest
396|Kathy's
397|colonel
398|Evangelina
399|Manila
400|chanced
401|arrogantly
402|Mervin
403|Dexedrine's
404|McGee's
405|carolled
406|Logan
407|Golda's
408|captive's
409|Inquisition
410|calculates
411|clothing's
412|carbine
413|Marta
414|apple
415|Odessa's
416|Afro's
417|acclimated
418|carpi
419|Devon
420|Snead's
421|Havel
422|Baldwin
423|anaconda
424|commence
425|authorities
426|Norfolk's
427|Mikoyan's
428|Claiborne
429|accost's
430|Johannesburg's
431|Gethsemane
432|Sprite's
433|attempts
434|Python
435|amphetamines
436|chiropractor's
437|bug's
438|caduceus
439|Randell's
440|birthright
441|Boru
442|Urey
443|cornrow
444|Elisa
445|circulatory
446|Mitterrand's
447|Liege
448|catnip's
449|Saginaw's
450|binnacle
451|Hus
452|chafed
453|colorfully
454|collocations
455|ablaze
456|cottonseeds
457|Inge
458|agglomerate's
459|bereaving
460|DiCaprio's
461|Kent's
462|coops
463|beget
464|constrictor's
465|Fremont
466|Mameluke
467|Reba's
468|boney
469|Slackware
470|coral
471|Glenn
472|arrives
473|Freon
474|Shawna
475|Malabo
476|carcinomas
477|cosies
478|Eliseo's
479|blouses
480|Surinam
481|artichoke
482|Britannia
483|Balaton
484|Corinthians
485|Schwarzenegger's
486|contumelies
487|Creighton's
488|Lamont
489|belittles
490|cohort
491|Lorna
492|Hayes
493|compilation
494|Mollie
495|Nirvana
496|centimeter
497|chubbier
498|Belfast
499|Elinor
500|Judases
501|amend
502|beforehand
503|Tonia's
504|Chilean's
505|biographer
506|cloudburst
507|aperitif
508|carat
509|argue
510|Brie
511|Elnora's
512|aquavit
513|Novocain
514|Tocantins
515|Columbus's
516|bronchus's
517|Allie's
518|cancer's
519|backer's
520|Kristopher's
521|are
522|Slovenian
523|carving's
524|Whitley
525|Cliff's
526|bucksaw's
527|attributive's
528|Bridalveil
529|boneyer
530|Pace's
531|altitude
532|belle's
533|Lhasa
534|GP's
535|cardiologist
536|bestridden
537|beeline's
538|Missourians
539|batten's
540|Protestantism's
541|Bible
542|camomile's
543|concordant
544|altercation
545|Norbert
546|braking
547|Vivekananda's
548|Ben's
549|Everett
550|acid
551|Tarantino
552|contours
553|condemned
554|beard's
555|Darnell
556|Titanic
557|conveyer's
558|backsides
559|church
560|Pratt
561|coalescing
562|Edens
563|conciliator's
564|Madras
565|Piraeus
566|Sabik
567|barest
568|caesura's
569|big
570|Thoreau's
571|carjack
572|accomplishment's
573|Hertz
574|Rodriguez
575|breaches
576|Amerind
577|bouffant
578|Casanova's
579|continuation's
580|backs
581|bite's
582|Jim's
583|Masons
584|blacktop's
585|anyway
586|brakeman
587|corroborated
588|beachheads
589|Trenton
590|Mollie's
591|cautioned
592|bypass's
593|calcining
594|countermand's
595|Aquino's
596|Uzbek's
597|bookmarking
598|Maldonado's
599|Winchester
600|callouses
601|bibliophile's
602|canniest
603|Lutheran
604|Huntington
605|Opal's
606|befouling
607|abduction
608|Mick's
609|afghan's
610|bulling
611|awkwardness's
612|Kiev's
613|aground
614|bookshop's
615|Dial's
616|calk
617|Ryder
618|booth's
619|conjecturing
620|Andretti's
621|combo's
622|Agnew's
623|Birdseye
624|cochlea's
625|bodega's
626|agriculturalist
627|Zachary's
628|coupe
629|Draconian
630|Laurence's
631|backings
632|Fido
633|Freida's
634|Camry
635|Bogotá's
636|believing
637|Mafia's
638|Arthur
639|Scotland's
640|bathe
641|Hun's
642|cancerous
643|Namibians
644|Comanche's
645|brocade's
646|Woodstock
647|applicable
648|Linwood's
649|apportion
650|causality
651|Eskimos
652|Begin
653|Tulsa's
654|comics
655|Twizzlers
656|Burch
657|Cm
658|complexity
659|Attila's
660|cesium
661|aspirations
662|barraging
663|censers
664|Swanson's
665|contemptuously
666|allegorical
667|Wotan's
668|chatty
669|Lithuania
670|counterparts
671|Tagore
672|beamed
673|Heisman's
674|Spitsbergen
675|accommodating
676|Chile's
677|ankh's
678|Birkenstock
679|Adelaide
680|Dacron's
681|chips
682|Pickett
683|Gorky's
684|Ingram's
685|Alston's
686|carousals
687|Hurst
688|Croatia's
689|comply
690|Californian's
691|Kathie
692|actives
693|Garner
694|Dzerzhinsky's
695|aqueducts
696|broccoli
697|confectionery's
698|Bowditch
699|athlete's
700|Satanism's
701|ambitious
702|bo's'n's
703|angling's
704|Facebook's
705|Maltese
706|Indus's
707|Tanisha's
708|blankets
709|ascot
710|Albany's
711|Ru
712|Kory
713|Heyerdahl
714|Latisha's
715|coalition
716|abjectly
717|Turing
718|Ponce
719|collapses
720|Cincinnati
721|Rodrigo
722|Lauder
723|Kikuyu
724|Keisha
725|cockfight's
726|aristocratically
727|McLeod
728|Confucianisms
729|choral's
730|colones
731|commissars
732|Mon's
733|clarifies
734|Friedman
735|cohesion
736|abrades
737|Pembroke
738|Carmela
739|calumny's
740|Kip's
741|Zubenelgenubi's
742|circumcised
743|administers
744|Rapunzel
745|commandoes
746|channelling
747|attenuates
748|consumable
749|Evangeline's
750|Weber
751|absence's
752|Bonner
753|bearish
754|Danes
755|chilliness
756|apparel's
757|centime
758|Turner
759|Brice's
760|Barbadian
761|cervixes
762|Brianna
763|Memphis's
764|Finland
765|blockbuster
766|catchphrase
767|briskets
768|Noemi's
769|aery
770|Tammie
771|chow
772|bracelets
773|brouhahas
774|boondoggle's
775|axed
776|brocades
777|Analects's
778|Lot's
779|Babylon
780|Chihuahuas
781|Whitefield's
782|amethyst
783|comprehension's
784|arabesques
785|Floyd
786|alfalfa
787|coppers
788|Crater's
789|Masefield
790|computing's
791|Cetus
792|Barr's
793|Joy's
794|aisle
795|Demetrius
796|Republican
797|contemplation
798|Ollie's
799|Tolkien
800|Hokusai
801|cesarians
802|Rebekah
803|Easts
804|Earlene
805|capsuled
806|Talley
807|collaborator's
808|autobiography's
809|Kazan's
810|cankers
811|Brut
812|Finns
813|bony
814|Mendez's
815|babbles
816|courtiers
817|Astor
818|Fabergé
819|bereft
820|Munoz's
821|Wilberforce
822|battlement
823|Donnell
824|Clemenceau
825|Mongol's
826|Astarte
827|Hanoi
828|budgetary
829|commiserated
830|bucketfuls
831|Bret's
832|authoring
833|Apache's
834|Riemann's
835|Harrison
836|Soweto
837|assailants
838|Muscovite
839|aughts
840|Beebe
841|Gauguin
842|Katrina's
843|conceit's
844|caplet
845|benefactress
846|Osiris's
847|Bayes
848|Buckley's
849|berated
850|Bettye's
851|abided
852|Elena
853|closest
854|Nieves
855|alum's
856|convalesces
857|UNICEF's
858|Icahn's
859|batter's
860|Portuguese
861|colloid's
862|Olympian
863|bureaucracy
864|combats
865|chalices
866|catchall
867|Menelik
868|arsenals
869|caesarian
870|Cheddar
871|blinding
872|Stoicism's
873|Huron
874|Milwaukee's
875|Chinese's
876|Sucrets's
877|Terrence
878|Sanchez
879|abolish
880|Emilio
881|Sega's
882|Kurile
883|Rayleigh
884|Rasputin
885|Jewell's
886|Amman
887|Heimlich
888|Lenny
889|Panama
890|Pensacola
891|Schwarzkopf
892|Greenland's
893|base
894|bumpier
895|India
896|cardiogram
897|East's
898|Hyde
899|Leo
900|Mount
901|carillon
902|bluejays
903|applicant's
904|Flores
905|bodices
906|auk
907|Kris
908|Ugandans
909|amplifier
910|Sundanese's
911|Chapultepec
912|beady
913|Behring
914|Washington
915|Galvani
916|abnormality
917|Naipaul's
918|calamine
919|Alma
920|Copernicus's
921|aggregation's
922|agitators
923|cerebral
924|birthday's
925|Knoxville
926|Gaelic
927|Ethelred
928|Maisie
929|bacterial
930|Chinese's
931|Velez's
932|auspiciousness's
933|bouquet
934|busbies
935|buckboard
936|accoutrements
937|Pinochet
938|Kafka's
939|classmates
940|avert
941|couched
942|Kaiser's
943|consultations
944|Israels
945|anchored
946|cloudiness
947|apposition's
948|W's
949|Aeneid's
950|beetles
951|caring's
952|Hormuz
953|conformist
954|constitution
955|care's
956|cockroaches
957|Gina
958|Lucite
959|Grady's
960|badness's
961|Salas's
962|Roxie
963|audacity
964|alluded
965|Thea
966|Revere
967|biceps
968|caparison's
969|Vernon's
970|Seminole's
971|Rove's
972|acceleration's
973|Geffen
974|comedies
975|Marquez's
976|array
977|Li
978|commentary's
979|bail
980|cirrhosis's
981|brochures
982|Robles's
983|Lorre
984|Alissa's
985|Robt
986|Chaucer's
987|ancienter
988|availability's
989|correcting
990|centenary's
991|Chopra's
992|Jordanian's
993|Brahe
994|Sharp's
995|chameleons
996|Rhonda
997|Copernicus
998|bursting
999|Lavonne's
