0|Untilopulus0|2003|2003|2003|2003|Brilliant
1|Untilopulus1|2003|2003|2003|2003|Brilliant
2|Untilopulus2|2003|2003|2003|2003|Brilliant
3|Untilopulus3|2003|2003|2003|2003|Brilliant
4|Untilopulus4|2003|2003|2003|2003|Brilliant
5|Untilopulus5|2003|2003|2003|2003|Brilliant
6|Untilopulus6|2003|2003|2003|2003|Brilliant
7|Untilopulus7|2003|2003|2003|2003|Brilliant
8|Untilopulus8|2003|2003|2003|2003|Brilliant
9|Untilopulus9|2003|2003|2003|2003|Brilliant
10|Untilopulus10|2003|2003|2003|2003|Brilliant
11|Untilopulus11|2003|2003|2003|2003|Brilliant
12|Untilopulus12|2003|2003|2003|2003|Brilliant
13|Untilopulus13|2003|2003|2003|2003|Brilliant
14|Untilopulus14|2003|2003|2003|2003|Brilliant
15|Untilopulus15|2003|2003|2003|2003|Brilliant
16|Untilopulus16|2003|2003|2003|2003|Brilliant
17|Untilopulus17|2003|2003|2003|2003|Brilliant
18|Untilopulus18|2003|2003|2003|2003|Brilliant
19|Untilopulus19|2003|2003|2003|2003|Brilliant
